source,target,weight
A000001,A000023,1
A000001,A000107,1
A000001,A000262,1
A000001,A000310,1
A000001,A000363,1
A000001,A000472,1
A000001,A000477,1
A000002,A000395,1
A000002,A000398,1
A000002,A000456,1
A000003,A000158,1
A000003,A000276,1
A000003,A000282,1
A000003,A000382,1
A000003,A000426,1
A000003,A000545,1
A000004,A000012,1
A000004,A000141,1
A000004,A000170,1
A000004,A000258,1
A000004,A000259,1
A000004,A000289,1
A000004,A000351,1
A000004,A000380,1
A000004,A000381,1
A000004,A000382,1
A000004,A000383,1
A000004,A000386,1
A000004,A000407,1
A000004,A000413,1
A000004,A000467,1
A000004,A000493,1
A000004,A000506,1
A000004,A000516,1
A000004,A000545,1
A000004,A000547,1
A000005,A000022,1
A000005,A000046,1
A000005,A000139,1
A000005,A000391,1
A000006,A000026,1
A000006,A000043,1
A000006,A000065,1
A000006,A000128,1
A000006,A000303,1
A000006,A000319,1
A000006,A000335,1
A000006,A000362,1
A000006,A000422,1
A000006,A000434,1
A000006,A000443,1
A000006,A000451,1
A000006,A000474,1
A000006,A000491,1
A000006,A000499,1
A000006,A000518,1
A000006,A000529,1
A000007,A000324,1
A000007,A000394,1
A000008,A000050,1
A000008,A000177,1
A000008,A000181,1
A000008,A000349,1
A000008,A000418,1
A000008,A000425,1
A000008,A000442,1
A000008,A000459,1
A000009,A000063,1
A000009,A000197,1
A000009,A000330,1
A000009,A000383,1
A000010,A000034,1
A000010,A000040,1
A000010,A000045,1
A000010,A000048,1
A000010,A000054,1
A000010,A000060,1
A000010,A000092,1
A000010,A000129,1
A000010,A000134,1
A000010,A000136,1
A000010,A000137,1
A000010,A000165,1
A000010,A000179,1
A000010,A000186,1
A000010,A000209,1
A000010,A000230,1
A000010,A000267,1
A000010,A000274,1
A000010,A000277,1
A000010,A000321,1
A000010,A000333,1
A000010,A000342,1
A000010,A000373,1
A000010,A000378,1
A000010,A000392,1
A000010,A000419,1
A000010,A000428,1
A000010,A000445,1
A000010,A000468,1
A000010,A000489,1
A000010,A000496,1
A000010,A000526,1
A000010,A000538,1
A000010,A000550,1
A000011,A000121,1
A000011,A000142,1
A000011,A000191,1
A000011,A000200,1
A000011,A000249,1
A000011,A000257,1
A000011,A000263,1
A000011,A000284,1
A000011,A000316,1
A000011,A000331,1
A000011,A000340,1
A000011,A000353,1
A000011,A000424,1
A000011,A000449,1
A000011,A000463,1
A000011,A000519,1
A000011,A000520,1
A000011,A000556,1
A000012,A000141,1
A000012,A000170,1
A000012,A000259,1
A000012,A000351,1
A000012,A000383,1
A000012,A000413,1
A000012,A000467,1
A000012,A000493,1
A000012,A000506,1
A000013,A000038,1
A000013,A000096,1
A000013,A000246,1
A000013,A000254,1
A000013,A000397,1
A000013,A000434,1
A000013,A000495,1
A000013,A000536,1
A000013,A000543,1
A000014,A000105,1
A000014,A000179,1
A000014,A000230,1
A000014,A000321,1
A000014,A000334,1
A000014,A000391,1
A000014,A000503,1
A000014,A000531,1
A000014,A000559,1
A000014,A000560,1
A000015,A000328,1
A000016,A000027,1
A000016,A000087,2
A000016,A000172,1
A000016,A000176,1
A000016,A000183,1
A000016,A000190,1
A000016,A000212,1
A000016,A000381,1
A000016,A000391,1
A000016,A000420,1
A000016,A000442,1
A000016,A000474,1
A000016,A000546,1
A000017,A000097,1
A000017,A000124,1
A000017,A000143,1
A000017,A000162,1
A000017,A000483,1
A000018,A000059,1
A000018,A000152,1
A000018,A000228,1
A000018,A000233,1
A000018,A000301,1
A000018,A000381,1
A000018,A000448,1
A000018,A000568,1
A000019,A000048,1
A000019,A000088,1
A000019,A000105,1
A000019,A000125,1
A000019,A000179,1
A000019,A000250,1
A000019,A000350,1
A000019,A000366,1
A000019,A000374,1
A000019,A000403,1
A000019,A000424,1
A000019,A000478,1
A000019,A000554,1
A000020,A000104,1
A000020,A000114,1
A000020,A000198,1
A000020,A000249,1
A000020,A000378,1
A000020,A000445,1
A000020,A000514,1
A000020,A000569,1
A000021,A000143,1
A000021,A000317,1
A000021,A000537,1
A000022,A000046,1
A000022,A000139,1
A000022,A000391,1
A000023,A000107,1
A000023,A000262,1
A000023,A000310,1
A000023,A000363,1
A000023,A000472,1
A000023,A000477,1
A000024,A000028,1
A000024,A000047,1
A000024,A000068,1
A000024,A000075,1
A000024,A000216,1
A000024,A000253,1
A000024,A000268,1
A000024,A000274,1
A000024,A000389,1
A000024,A000409,1
A000024,A000411,1
A000024,A000429,1
A000024,A000471,1
A000024,A000473,1
A000024,A000525,1
A000025,A000031,1
A000025,A000156,1
A000025,A000177,1
A000025,A000205,1
A000025,A000249,1
A000025,A000256,1
A000025,A000330,1
A000025,A000341,1
A000025,A000387,1
A000025,A000420,1
A000025,A000425,1
A000026,A000043,1
A000026,A000065,1
A000026,A000128,1
A000026,A000303,1
A000026,A000319,1
A000026,A000335,1
A000026,A000362,1
A000026,A000422,1
A000026,A000434,1
A000026,A000443,1
A000026,A000451,1
A000026,A000474,1
A000026,A000491,1
A000026,A000499,1
A000026,A000518,1
A000026,A000529,1
A000027,A000087,1
A000027,A000183,1
A000027,A000474,1
A000028,A000047,1
A000028,A000141,1
A000028,A000189,1
A000028,A000199,1
A000028,A000253,1
A000028,A000268,1
A000028,A000274,2
A000028,A000409,1
A000028,A000411,1
A000028,A000471,1
A000028,A000473,1
A000028,A000492,1
A000028,A000510,1
A000028,A000525,1
A000029,A000030,1
A000029,A000039,1
A000029,A000051,1
A000029,A000124,1
A000029,A000171,1
A000029,A000174,1
A000029,A000183,1
A000029,A000202,1
A000029,A000238,1
A000029,A000255,1
A000029,A000274,1
A000029,A000279,1
A000029,A000490,1
A000029,A000556,1
A000030,A000039,1
A000030,A000051,1
A000030,A000171,1
A000030,A000174,1
A000030,A000202,1
A000030,A000255,1
A000030,A000274,1
A000030,A000279,1
A000031,A000063,1
A000031,A000205,1
A000031,A000239,1
A000031,A000331,1
A000031,A000338,1
A000031,A000385,1
A000031,A000387,1
A000031,A000420,1
A000031,A000426,1
A000031,A000464,1
A000031,A000563,1
A000032,A000141,1
A000032,A000210,1
A000032,A000313,1
A000032,A000322,1
A000032,A000398,1
A000032,A000420,1
A000032,A000548,1
A000033,A000080,1
A000033,A000125,1
A000033,A000183,1
A000033,A000193,1
A000033,A000278,1
A000033,A000348,1
A000033,A000398,1
A000033,A000444,1
A000033,A000462,1
A000033,A000479,1
A000033,A000485,1
A000033,A000505,1
A000034,A000045,1
A000034,A000048,1
A000034,A000136,1
A000034,A000137,1
A000034,A000179,1
A000034,A000186,1
A000034,A000209,1
A000034,A000274,1
A000034,A000277,1
A000034,A000321,1
A000034,A000333,1
A000034,A000378,1
A000034,A000392,1
A000034,A000445,1
A000034,A000489,1
A000034,A000496,1
A000034,A000538,1
A000034,A000550,1
A000035,A000259,1
A000035,A000385,1
A000035,A000425,1
A000035,A000449,1
A000036,A000109,1
A000036,A000442,1
A000036,A000513,1
A000037,A000044,1
A000037,A000090,1
A000037,A000139,1
A000037,A000206,1
A000037,A000320,1
A000037,A000430,1
A000037,A000454,1
A000037,A000557,1
A000038,A000096,1
A000038,A000246,1
A000038,A000254,1
A000038,A000397,1
A000038,A000434,1
A000038,A000495,1
A000038,A000536,1
A000038,A000543,1
A000039,A000051,1
A000039,A000171,1
A000039,A000174,1
A000039,A000202,1
A000039,A000255,1
A000039,A000274,1
A000039,A000279,1
A000040,A000060,1
A000040,A000092,1
A000040,A000134,1
A000040,A000165,1
A000040,A000267,1
A000040,A000342,1
A000040,A000373,1
A000040,A000428,1
A000041,A000173,1
A000041,A000197,1
A000041,A000208,1
A000041,A000239,1
A000041,A000329,1
A000041,A000332,1
A000041,A000453,1
A000042,A000082,1
A000042,A000118,1
A000042,A000207,1
A000042,A000359,1
A000042,A000455,1
A000042,A000535,1
A000043,A000065,1
A000043,A000128,1
A000043,A000303,1
A000043,A000319,1
A000043,A000335,1
A000043,A000362,1
A000043,A000422,1
A000043,A000434,1
A000043,A000443,1
A000043,A000451,1
A000043,A000474,1
A000043,A000491,1
A000043,A000499,1
A000043,A000518,1
A000043,A000529,1
A000044,A000056,1
A000044,A000090,1
A000044,A000139,1
A000044,A000206,1
A000044,A000296,1
A000044,A000306,1
A000044,A000320,1
A000044,A000383,1
A000044,A000393,1
A000044,A000430,1
A000044,A000454,1
A000044,A000493,1
A000044,A000557,1
A000045,A000048,1
A000045,A000136,1
A000045,A000137,1
A000045,A000179,1
A000045,A000186,1
A000045,A000209,1
A000045,A000274,1
A000045,A000277,1
A000045,A000321,1
A000045,A000333,1
A000045,A000378,1
A000045,A000392,1
A000045,A000445,1
A000045,A000489,1
A000045,A000496,1
A000045,A000538,1
A000045,A000550,1
A000046,A000139,1
A000046,A000391,1
A000047,A000226,1
A000047,A000253,1
A000047,A000261,1
A000047,A000268,1
A000047,A000273,1
A000047,A000274,1
A000047,A000283,1
A000047,A000287,1
A000047,A000290,1
A000047,A000368,1
A000047,A000372,1
A000047,A000375,1
A000047,A000379,1
A000047,A000409,1
A000047,A000411,1
A000047,A000412,1
A000047,A000471,1
A000047,A000473,1
A000047,A000525,1
A000048,A000088,1
A000048,A000105,1
A000048,A000125,1
A000048,A000136,1
A000048,A000137,1
A000048,A000179,2
A000048,A000186,1
A000048,A000209,1
A000048,A000250,1
A000048,A000274,1
A000048,A000277,1
A000048,A000321,1
A000048,A000333,1
A000048,A000350,1
A000048,A000366,1
A000048,A000374,1
A000048,A000378,1
A000048,A000392,1
A000048,A000403,1
A000048,A000424,1
A000048,A000445,1
A000048,A000478,1
A000048,A000489,1
A000048,A000496,1
A000048,A000538,1
A000048,A000550,1
A000048,A000554,1
A000049,A000333,1
A000049,A000466,1
A000050,A000177,1
A000050,A000181,1
A000050,A000349,1
A000050,A000418,1
A000050,A000425,1
A000050,A000442,1
A000050,A000459,1
A000051,A000171,1
A000051,A000174,1
A000051,A000202,1
A000051,A000255,1
A000051,A000274,1
A000051,A000279,1
A000052,A000067,1
A000052,A000074,1
A000052,A000161,1
A000052,A000220,1
A000052,A000441,1
A000053,A000078,1
A000053,A000103,1
A000053,A000381,1
A000053,A000426,1
A000054,A000080,1
A000054,A000086,1
A000054,A000129,1
A000054,A000204,1
A000054,A000218,1
A000054,A000230,1
A000054,A000280,1
A000054,A000335,1
A000054,A000419,1
A000054,A000446,1
A000054,A000458,1
A000054,A000468,1
A000054,A000526,1
A000055,A000056,1
A000055,A000134,1
A000055,A000139,1
A000055,A000142,1
A000055,A000151,1
A000055,A000156,1
A000055,A000158,1
A000055,A000166,1
A000055,A000237,1
A000055,A000257,1
A000055,A000262,1
A000055,A000265,1
A000055,A000274,1
A000055,A000284,1
A000055,A000306,1
A000055,A000391,1
A000055,A000401,1
A000055,A000475,1
A000055,A000516,1
A000055,A000549,1
A000055,A000566,1
A000056,A000139,1
A000056,A000166,1
A000056,A000178,1
A000056,A000237,1
A000056,A000241,1
A000056,A000255,1
A000056,A000262,1
A000056,A000265,2
A000056,A000296,1
A000056,A000306,1
A000056,A000345,1
A000056,A000361,1
A000056,A000376,1
A000056,A000383,1
A000056,A000393,1
A000056,A000400,1
A000056,A000439,1
A000056,A000472,1
A000056,A000475,1
A000056,A000493,1
A000056,A000566,1
A000057,A000067,1
A000057,A000087,1
A000057,A000184,1
A000058,A000070,1
A000058,A000240,1
A000058,A000270,1
A000058,A000284,1
A000058,A000449,1
A000058,A000510,1
A000059,A000152,1
A000059,A000228,1
A000059,A000233,1
A000059,A000301,1
A000059,A000381,1
A000059,A000448,1
A000059,A000568,1
A000060,A000092,1
A000060,A000134,1
A000060,A000165,1
A000060,A000267,1
A000060,A000342,1
A000060,A000373,1
A000060,A000428,1
A000061,A000249,1
A000061,A000336,1
A000061,A000343,1
A000061,A000373,1
A000062,A000084,1
A000062,A000095,1
A000062,A000101,1
A000062,A000111,1
A000062,A000142,1
A000062,A000197,1
A000062,A000271,1
A000062,A000274,1
A000062,A000334,1
A000062,A000369,1
A000062,A000381,1
A000062,A000416,2
A000062,A000450,1
A000062,A000493,2
A000062,A000500,1
A000062,A000515,1
A000063,A000170,1
A000063,A000177,1
A000063,A000189,1
A000063,A000197,1
A000063,A000225,1
A000063,A000239,1
A000063,A000330,1
A000063,A000373,1
A000063,A000383,1
A000063,A000385,1
A000063,A000426,1
A000063,A000438,1
A000063,A000476,1
A000063,A000531,1
A000064,A000126,1
A000064,A000189,1
A000064,A000230,1
A000064,A000272,1
A000064,A000281,1
A000064,A000308,1
A000064,A000381,1
A000064,A000391,1
A000064,A000403,1
A000064,A000435,1
A000064,A000480,1
A000065,A000099,1
A000065,A000128,1
A000065,A000292,1
A000065,A000303,1
A000065,A000319,1
A000065,A000335,1
A000065,A000359,1
A000065,A000362,1
A000065,A000378,1
A000065,A000422,1
A000065,A000434,1
A000065,A000443,1
A000065,A000451,1
A000065,A000459,1
A000065,A000474,1
A000065,A000491,1
A000065,A000499,1
A000065,A000518,1
A000065,A000529,1
A000066,A000080,1
A000066,A000156,1
A000066,A000244,1
A000066,A000546,1
A000067,A000074,1
A000067,A000087,1
A000067,A000161,1
A000067,A000184,1
A000067,A000220,1
A000067,A000358,1
A000067,A000369,1
A000067,A000426,1
A000067,A000441,1
A000068,A000216,1
A000068,A000429,1
A000069,A000147,1
A000069,A000256,1
A000070,A000240,1
A000070,A000270,1
A000070,A000284,1
A000070,A000449,1
A000070,A000510,1
A000071,A000127,1
A000071,A000133,1
A000071,A000207,1
A000071,A000345,1
A000071,A000494,1
A000072,A000150,1
A000072,A000181,1
A000072,A000219,1
A000072,A000327,1
A000072,A000393,1
A000073,A000109,1
A000073,A000186,1
A000073,A000229,1
A000073,A000346,1
A000073,A000388,1
A000073,A000430,1
A000073,A000507,1
A000073,A000508,1
A000074,A000161,1
A000074,A000220,1
A000074,A000441,1
A000075,A000389,1
A000076,A000116,1
A000076,A000192,1
A000076,A000195,1
A000076,A000232,1
A000076,A000240,1
A000076,A000243,1
A000076,A000307,1
A000076,A000309,1
A000076,A000318,1
A000076,A000406,1
A000076,A000522,1
A000077,A000119,1
A000077,A000360,1
A000077,A000461,1
A000078,A000103,1
A000078,A000381,1
A000078,A000426,1
A000079,A000185,1
A000079,A000192,1
A000079,A000196,1
A000079,A000234,1
A000079,A000350,1
A000079,A000440,1
A000079,A000561,1
A000080,A000086,1
A000080,A000125,1
A000080,A000145,1
A000080,A000156,1
A000080,A000183,1
A000080,A000193,1
A000080,A000204,1
A000080,A000218,1
A000080,A000244,1
A000080,A000278,1
A000080,A000280,1
A000080,A000285,1
A000080,A000297,1
A000080,A000335,1
A000080,A000348,2
A000080,A000398,1
A000080,A000444,1
A000080,A000446,1
A000080,A000458,1
A000080,A000462,1
A000080,A000479,1
A000080,A000485,1
A000080,A000505,1
A000080,A000546,1
A000081,A000344,1
A000081,A000351,1
A000081,A000378,1
A000082,A000118,1
A000082,A000359,1
A000082,A000535,1
A000083,A000112,1
A000083,A000132,1
A000083,A000293,1
A000083,A000477,1
A000083,A000482,1
A000083,A000524,1
A000084,A000095,1
A000084,A000197,2
A000084,A000199,1
A000084,A000274,1
A000084,A000302,1
A000084,A000354,1
A000084,A000369,1
A000084,A000370,1
A000084,A000385,1
A000084,A000416,1
A000084,A000426,1
A000084,A000493,1
A000084,A000500,1
A000084,A000501,1
A000084,A000506,1
A000084,A000517,1
A000084,A000546,1
A000084,A000556,1
A000085,A000098,1
A000085,A000272,1
A000085,A000373,1
A000085,A000377,1
A000085,A000407,1
A000085,A000412,1
A000085,A000553,1
A000086,A000204,1
A000086,A000218,1
A000086,A000280,1
A000086,A000335,1
A000086,A000446,1
A000086,A000458,1
A000087,A000110,1
A000087,A000176,1
A000087,A000183,1
A000087,A000184,1
A000087,A000212,1
A000087,A000213,1
A000087,A000260,1
A000087,A000268,1
A000087,A000298,1
A000087,A000299,1
A000087,A000305,1
A000087,A000308,1
A000087,A000381,1
A000087,A000442,1
A000087,A000474,1
A000087,A000516,1
A000087,A000523,1
A000087,A000546,1
A000088,A000105,1
A000088,A000114,1
A000088,A000125,1
A000088,A000179,1
A000088,A000183,1
A000088,A000190,1
A000088,A000250,1
A000088,A000350,1
A000088,A000366,1
A000088,A000373,1
A000088,A000374,1
A000088,A000403,1
A000088,A000413,1
A000088,A000424,1
A000088,A000478,1
A000088,A000513,1
A000088,A000554,1
A000089,A000138,1
A000089,A000141,1
A000089,A000200,1
A000089,A000376,1
A000090,A000120,1
A000090,A000123,1
A000090,A000139,1
A000090,A000143,1
A000090,A000190,1
A000090,A000206,1
A000090,A000304,1
A000090,A000311,1
A000090,A000320,1
A000090,A000356,1
A000090,A000402,1
A000090,A000430,1
A000090,A000431,1
A000090,A000436,1
A000090,A000454,1
A000090,A000474,1
A000090,A000487,1
A000090,A000554,1
A000090,A000557,1
A000090,A000560,1
A000091,A000130,1
A000091,A000437,1
A000092,A000134,1
A000092,A000165,1
A000092,A000267,1
A000092,A000342,1
A000092,A000373,1
A000092,A000428,1
A000093,A000109,1
A000093,A000115,1
A000093,A000181,1
A000093,A000182,1
A000093,A000197,1
A000093,A000208,1
A000093,A000227,1
A000093,A000249,1
A000093,A000255,2
A000093,A000274,1
A000093,A000275,1
A000093,A000320,1
A000093,A000323,1
A000093,A000325,1
A000093,A000333,1
A000093,A000347,1
A000093,A000348,1
A000093,A000381,1
A000093,A000383,1
A000093,A000412,1
A000093,A000442,1
A000093,A000467,1
A000093,A000475,1
A000093,A000493,1
A000093,A000550,1
A000093,A000556,1
A000094,A000143,1
A000094,A000199,1
A000094,A000300,1
A000094,A000326,1
A000094,A000330,1
A000094,A000373,1
A000094,A000515,1
A000095,A000139,1
A000095,A000143,1
A000095,A000153,1
A000095,A000170,1
A000095,A000197,1
A000095,A000233,1
A000095,A000274,1
A000095,A000323,1
A000095,A000369,1
A000095,A000398,1
A000095,A000427,1
A000095,A000472,1
A000095,A000493,1
A000095,A000496,1
A000095,A000541,1
A000096,A000113,1
A000096,A000246,1
A000096,A000254,1
A000096,A000255,1
A000096,A000256,1
A000096,A000397,1
A000096,A000434,1
A000096,A000495,1
A000096,A000536,1
A000096,A000543,1
A000097,A000124,1
A000097,A000143,1
A000097,A000162,1
A000097,A000483,1
A000098,A000272,1
A000098,A000373,1
A000098,A000377,1
A000098,A000407,1
A000098,A000412,1
A000098,A000553,1
A000099,A000102,1
A000099,A000159,1
A000099,A000161,1
A000099,A000169,1
A000099,A000186,1
A000099,A000274,1
A000099,A000281,1
A000099,A000292,1
A000099,A000312,1
A000099,A000323,1
A000099,A000348,1
A000099,A000359,1
A000099,A000378,1
A000099,A000380,1
A000099,A000415,1
A000099,A000428,1
A000099,A000459,1
A000099,A000476,1
A000099,A000532,1
A000099,A000537,1
A000100,A000177,1
A000100,A000197,1
A000100,A000242,1
A000100,A000255,1
A000100,A000387,1
A000100,A000398,1
A000100,A000425,1
A000100,A000506,1
A000101,A000111,1
A000101,A000142,1
A000101,A000191,1
A000101,A000381,1
A000101,A000416,1
A000101,A000417,1
A000101,A000447,1
A000101,A000450,1
A000101,A000500,1
A000102,A000159,1
A000102,A000415,1
A000102,A000428,1
A000102,A000476,1
A000102,A000532,1
A000103,A000381,1
A000103,A000426,1
A000104,A000114,1
A000104,A000198,1
A000104,A000249,1
A000104,A000378,1
A000104,A000445,1
A000104,A000514,1
A000104,A000569,1
A000105,A000125,1
A000105,A000177,1
A000105,A000178,1
A000105,A000179,2
A000105,A000225,1
A000105,A000230,1
A000105,A000250,1
A000105,A000321,1
A000105,A000334,1
A000105,A000350,1
A000105,A000366,1
A000105,A000374,1
A000105,A000383,1
A000105,A000391,1
A000105,A000403,1
A000105,A000424,1
A000105,A000478,1
A000105,A000503,1
A000105,A000531,1
A000105,A000554,1
A000105,A000559,1
A000105,A000560,1
A000106,A000114,1
A000106,A000124,1
A000106,A000230,1
A000106,A000355,1
A000106,A000367,1
A000106,A000552,1
A000107,A000262,1
A000107,A000310,1
A000107,A000363,1
A000107,A000472,1
A000107,A000477,1
A000108,A000110,1
A000108,A000146,1
A000108,A000170,1
A000108,A000194,1
A000108,A000247,1
A000108,A000281,1
A000108,A000484,1
A000108,A000513,1
A000108,A000544,1
A000109,A000115,1
A000109,A000186,1
A000109,A000227,1
A000109,A000229,1
A000109,A000249,1
A000109,A000255,2
A000109,A000275,1
A000109,A000333,1
A000109,A000346,1
A000109,A000381,1
A000109,A000388,1
A000109,A000425,1
A000109,A000428,1
A000109,A000430,2
A000109,A000442,2
A000109,A000475,1
A000109,A000507,2
A000109,A000508,1
A000109,A000513,1
A000109,A000550,1
A000110,A000146,1
A000110,A000170,1
A000110,A000194,1
A000110,A000203,1
A000110,A000213,1
A000110,A000247,1
A000110,A000260,1
A000110,A000268,1
A000110,A000281,1
A000110,A000298,1
A000110,A000299,1
A000110,A000305,1
A000110,A000308,2
A000110,A000432,1
A000110,A000433,1
A000110,A000477,1
A000110,A000484,1
A000110,A000513,1
A000110,A000516,1
A000110,A000523,1
A000110,A000544,1
A000111,A000381,1
A000111,A000416,1
A000111,A000450,1
A000111,A000500,1
A000112,A000132,1
A000112,A000293,1
A000112,A000477,1
A000112,A000482,1
A000112,A000524,1
A000113,A000170,1
A000113,A000196,1
A000113,A000197,1
A000113,A000255,1
A000113,A000256,1
A000113,A000259,1
A000113,A000288,1
A000113,A000401,1
A000113,A000467,1
A000114,A000124,1
A000114,A000175,1
A000114,A000181,2
A000114,A000183,1
A000114,A000190,1
A000114,A000198,1
A000114,A000200,1
A000114,A000230,1
A000114,A000249,1
A000114,A000337,1
A000114,A000352,1
A000114,A000355,1
A000114,A000367,1
A000114,A000373,1
A000114,A000378,1
A000114,A000413,1
A000114,A000445,1
A000114,A000477,2
A000114,A000513,1
A000114,A000514,1
A000114,A000531,1
A000114,A000533,1
A000114,A000552,1
A000114,A000569,3
A000115,A000227,1
A000115,A000249,1
A000115,A000255,1
A000115,A000275,1
A000115,A000333,1
A000115,A000381,1
A000115,A000475,1
A000115,A000550,1
A000116,A000192,1
A000116,A000195,1
A000116,A000232,1
A000116,A000240,1
A000116,A000243,1
A000116,A000307,1
A000116,A000309,1
A000116,A000318,1
A000116,A000406,1
A000116,A000522,1
A000117,A000170,1
A000117,A000262,1
A000117,A000373,1
A000117,A000512,1
A000118,A000359,1
A000118,A000535,1
A000119,A000360,1
A000119,A000461,1
A000120,A000123,1
A000120,A000143,1
A000120,A000190,1
A000120,A000304,1
A000120,A000311,1
A000120,A000356,1
A000120,A000402,1
A000120,A000431,1
A000120,A000436,1
A000120,A000474,1
A000120,A000487,1
A000120,A000554,1
A000120,A000560,1
A000121,A000142,1
A000121,A000191,1
A000121,A000200,1
A000121,A000249,1
A000121,A000284,1
A000121,A000331,1
A000121,A000340,1
A000121,A000353,1
A000121,A000449,1
A000121,A000463,1
A000121,A000520,1
A000121,A000556,1
A000122,A000159,1
A000122,A000217,1
A000122,A000256,1
A000122,A000274,1
A000122,A000349,1
A000122,A000367,1
A000122,A000493,1
A000122,A000555,1
A000123,A000143,1
A000123,A000190,1
A000123,A000304,1
A000123,A000311,1
A000123,A000356,1
A000123,A000402,1
A000123,A000431,1
A000123,A000436,1
A000123,A000474,1
A000123,A000487,1
A000123,A000554,1
A000123,A000560,1
A000124,A000143,1
A000124,A000148,1
A000124,A000162,1
A000124,A000183,1
A000124,A000230,1
A000124,A000238,1
A000124,A000256,1
A000124,A000281,1
A000124,A000291,1
A000124,A000351,1
A000124,A000355,1
A000124,A000367,1
A000124,A000373,1
A000124,A000483,1
A000124,A000490,1
A000124,A000510,1
A000124,A000552,1
A000124,A000556,1
A000125,A000179,1
A000125,A000183,1
A000125,A000193,1
A000125,A000250,1
A000125,A000278,1
A000125,A000348,1
A000125,A000350,1
A000125,A000366,1
A000125,A000374,1
A000125,A000398,1
A000125,A000403,1
A000125,A000424,1
A000125,A000444,1
A000125,A000462,1
A000125,A000478,1
A000125,A000479,1
A000125,A000485,1
A000125,A000505,1
A000125,A000554,1
A000126,A000189,1
A000126,A000230,1
A000126,A000272,1
A000126,A000281,1
A000126,A000308,1
A000126,A000381,1
A000126,A000391,2
A000126,A000403,1
A000126,A000435,1
A000126,A000480,1
A000127,A000133,1
A000127,A000207,1
A000127,A000345,1
A000127,A000494,1
A000128,A000303,1
A000128,A000319,1
A000128,A000335,1
A000128,A000362,1
A000128,A000422,1
A000128,A000434,1
A000128,A000443,1
A000128,A000451,1
A000128,A000474,1
A000128,A000491,1
A000128,A000499,1
A000128,A000518,1
A000128,A000529,1
A000129,A000141,1
A000129,A000155,1
A000129,A000157,1
A000129,A000191,1
A000129,A000230,1
A000129,A000383,1
A000129,A000419,1
A000129,A000468,1
A000129,A000493,1
A000129,A000507,1
A000129,A000526,1
A000130,A000437,1
A000131,A000134,1
A000131,A000135,1
A000131,A000214,1
A000131,A000511,1
A000132,A000293,1
A000132,A000477,1
A000132,A000482,1
A000132,A000524,1
A000133,A000207,1
A000133,A000345,1
A000133,A000494,1
A000134,A000135,1
A000134,A000165,1
A000134,A000214,1
A000134,A000257,1
A000134,A000267,1
A000134,A000306,1
A000134,A000342,1
A000134,A000373,1
A000134,A000428,1
A000134,A000511,1
A000134,A000516,1
A000135,A000214,1
A000135,A000511,1
A000136,A000137,1
A000136,A000179,1
A000136,A000186,1
A000136,A000209,1
A000136,A000274,1
A000136,A000277,1
A000136,A000321,1
A000136,A000333,1
A000136,A000378,1
A000136,A000392,1
A000136,A000445,1
A000136,A000489,1
A000136,A000496,1
A000136,A000538,1
A000136,A000550,1
A000137,A000179,1
A000137,A000186,1
A000137,A000209,1
A000137,A000274,1
A000137,A000277,1
A000137,A000321,1
A000137,A000333,1
A000137,A000378,1
A000137,A000392,1
A000137,A000445,1
A000137,A000489,1
A000137,A000496,1
A000137,A000538,1
A000137,A000550,1
A000138,A000141,1
A000138,A000200,1
A000138,A000376,1
A000139,A000143,2
A000139,A000158,1
A000139,A000166,1
A000139,A000177,1
A000139,A000206,1
A000139,A000231,1
A000139,A000237,1
A000139,A000262,1
A000139,A000265,1
A000139,A000269,1
A000139,A000320,1
A000139,A000391,1
A000139,A000398,1
A000139,A000425,1
A000139,A000427,1
A000139,A000428,1
A000139,A000430,1
A000139,A000454,1
A000139,A000467,1
A000139,A000472,1
A000139,A000475,1
A000139,A000493,1
A000139,A000496,1
A000139,A000541,1
A000139,A000557,1
A000139,A000566,1
A000139,A000567,1
A000140,A000344,1
A000140,A000364,1
A000140,A000371,1
A000140,A000381,1
A000141,A000155,1
A000141,A000157,1
A000141,A000168,1
A000141,A000170,1
A000141,A000189,1
A000141,A000191,1
A000141,A000199,2
A000141,A000200,1
A000141,A000210,1
A000141,A000259,1
A000141,A000274,1
A000141,A000313,1
A000141,A000322,1
A000141,A000332,1
A000141,A000351,1
A000141,A000376,1
A000141,A000383,2
A000141,A000398,1
A000141,A000413,1
A000141,A000420,1
A000141,A000450,1
A000141,A000467,1
A000141,A000492,2
A000141,A000493,2
A000141,A000506,1
A000141,A000507,1
A000141,A000510,2
A000141,A000546,1
A000141,A000548,1
A000142,A000158,1
A000142,A000191,2
A000142,A000200,1
A000142,A000249,1
A000142,A000271,1
A000142,A000274,1
A000142,A000284,2
A000142,A000331,1
A000142,A000334,1
A000142,A000340,1
A000142,A000353,1
A000142,A000401,1
A000142,A000416,1
A000142,A000417,1
A000142,A000447,1
A000142,A000449,1
A000142,A000463,1
A000142,A000493,1
A000142,A000515,1
A000142,A000520,1
A000142,A000549,1
A000142,A000556,1
A000143,A000153,1
A000143,A000158,1
A000143,A000162,1
A000143,A000170,1
A000143,A000177,1
A000143,A000190,1
A000143,A000199,1
A000143,A000231,1
A000143,A000233,1
A000143,A000269,1
A000143,A000300,1
A000143,A000304,1
A000143,A000311,1
A000143,A000317,1
A000143,A000323,1
A000143,A000326,1
A000143,A000330,1
A000143,A000356,1
A000143,A000373,1
A000143,A000402,1
A000143,A000425,1
A000143,A000428,1
A000143,A000431,1
A000143,A000436,1
A000143,A000467,1
A000143,A000474,1
A000143,A000483,1
A000143,A000487,1
A000143,A000493,1
A000143,A000515,1
A000143,A000537,1
A000143,A000554,1
A000143,A000560,1
A000143,A000567,1
A000144,A000177,1
A000144,A000373,1
A000144,A000425,1
A000144,A000442,1
A000145,A000285,1
A000145,A000297,1
A000145,A000348,1
A000146,A000170,1
A000146,A000194,1
A000146,A000247,1
A000146,A000281,1
A000146,A000484,1
A000146,A000513,1
A000146,A000544,1
A000147,A000256,1
A000148,A000256,1
A000148,A000291,1
A000148,A000510,1
A000149,A000189,1
A000149,A000192,1
A000149,A000263,1
A000149,A000452,1
A000149,A000488,1
A000150,A000181,1
A000150,A000219,1
A000150,A000327,1
A000150,A000393,1
A000151,A000156,1
A000151,A000391,1
A000152,A000228,1
A000152,A000233,1
A000152,A000301,1
A000152,A000381,1
A000152,A000448,1
A000152,A000568,1
A000153,A000170,1
A000153,A000233,1
A000153,A000323,1
A000154,A000264,1
A000155,A000157,1
A000155,A000191,1
A000155,A000383,1
A000155,A000493,1
A000155,A000507,1
A000156,A000163,1
A000156,A000166,1
A000156,A000177,1
A000156,A000211,1
A000156,A000244,1
A000156,A000255,1
A000156,A000256,1
A000156,A000257,1
A000156,A000343,1
A000156,A000391,1
A000156,A000425,1
A000156,A000498,1
A000156,A000546,1
A000157,A000191,1
A000157,A000383,1
A000157,A000493,1
A000157,A000507,1
A000158,A000167,1
A000158,A000177,1
A000158,A000254,1
A000158,A000255,1
A000158,A000257,1
A000158,A000274,1
A000158,A000276,1
A000158,A000282,1
A000158,A000284,1
A000158,A000312,1
A000158,A000343,1
A000158,A000354,1
A000158,A000382,1
A000158,A000401,1
A000158,A000414,2
A000158,A000423,1
A000158,A000425,1
A000158,A000426,1
A000158,A000428,2
A000158,A000476,2
A000158,A000516,1
A000158,A000532,1
A000158,A000545,1
A000158,A000549,1
A000158,A000567,1
A000159,A000162,1
A000159,A000187,1
A000159,A000188,1
A000159,A000217,1
A000159,A000248,1
A000159,A000256,1
A000159,A000274,1
A000159,A000300,1
A000159,A000305,1
A000159,A000349,1
A000159,A000367,1
A000159,A000370,1
A000159,A000410,1
A000159,A000415,1
A000159,A000428,1
A000159,A000476,1
A000159,A000493,1
A000159,A000532,1
A000159,A000555,1
A000159,A000562,1
A000160,A000192,1
A000160,A000245,1
A000160,A000351,1
A000161,A000220,1
A000161,A000312,1
A000161,A000323,1
A000161,A000441,1
A000162,A000187,1
A000162,A000188,1
A000162,A000248,1
A000162,A000300,1
A000162,A000305,1
A000162,A000370,1
A000162,A000410,1
A000162,A000483,1
A000162,A000562,1
A000163,A000166,1
A000163,A000498,1
A000164,A000177,1
A000164,A000181,1
A000164,A000425,1
A000164,A000493,1
A000165,A000267,1
A000165,A000342,1
A000165,A000373,1
A000165,A000428,1
A000166,A000237,1
A000166,A000262,1
A000166,A000265,1
A000166,A000475,1
A000166,A000498,1
A000166,A000566,1
A000167,A000223,1
A000167,A000254,1
A000167,A000255,1
A000167,A000257,1
A000167,A000351,1
A000167,A000449,1
A000167,A000493,1
A000167,A000515,1
A000168,A000199,1
A000168,A000332,1
A000168,A000450,1
A000168,A000492,1
A000168,A000510,1
A000168,A000546,1
A000169,A000186,2
A000169,A000274,1
A000169,A000281,1
A000169,A000286,1
A000169,A000333,1
A000169,A000348,1
A000169,A000377,1
A000169,A000378,1
A000169,A000380,1
A000169,A000404,1
A000169,A000432,1
A000169,A000537,1
A000169,A000540,1
A000170,A000177,2
A000170,A000194,1
A000170,A000196,1
A000170,A000197,1
A000170,A000233,1
A000170,A000247,1
A000170,A000259,2
A000170,A000262,1
A000170,A000274,1
A000170,A000281,1
A000170,A000288,1
A000170,A000320,1
A000170,A000323,1
A000170,A000344,1
A000170,A000351,1
A000170,A000373,1
A000170,A000383,1
A000170,A000401,1
A000170,A000413,1
A000170,A000438,1
A000170,A000467,2
A000170,A000476,1
A000170,A000484,1
A000170,A000493,1
A000170,A000506,1
A000170,A000512,1
A000170,A000513,1
A000170,A000531,1
A000170,A000544,1
A000171,A000174,1
A000171,A000202,1
A000171,A000255,1
A000171,A000274,1
A000171,A000279,1
A000172,A000173,1
A000172,A000190,1
A000172,A000251,1
A000172,A000391,1
A000172,A000420,1
A000172,A000454,1
A000172,A000500,1
A000173,A000197,1
A000173,A000208,1
A000173,A000239,1
A000173,A000251,1
A000173,A000329,1
A000173,A000332,1
A000173,A000453,1
A000173,A000454,1
A000173,A000500,1
A000174,A000202,1
A000174,A000255,1
A000174,A000274,1
A000174,A000279,1
A000175,A000235,1
A000175,A000256,1
A000175,A000272,1
A000175,A000294,1
A000175,A000337,1
A000175,A000352,1
A000175,A000373,1
A000175,A000384,1
A000175,A000462,1
A000175,A000470,1
A000175,A000512,1
A000175,A000533,1
A000175,A000552,1
A000176,A000212,1
A000176,A000381,1
A000176,A000442,1
A000176,A000546,1
A000177,A000178,1
A000177,A000181,2
A000177,A000197,1
A000177,A000225,1
A000177,A000242,1
A000177,A000249,1
A000177,A000255,1
A000177,A000256,1
A000177,A000274,1
A000177,A000320,1
A000177,A000332,1
A000177,A000344,1
A000177,A000349,1
A000177,A000373,1
A000177,A000383,1
A000177,A000385,1
A000177,A000387,1
A000177,A000398,1
A000177,A000418,1
A000177,A000425,6
A000177,A000428,1
A000177,A000438,1
A000177,A000442,2
A000177,A000459,1
A000177,A000476,1
A000177,A000493,1
A000177,A000506,1
A000177,A000513,1
A000177,A000531,1
A000177,A000567,1
A000178,A000225,1
A000178,A000241,1
A000178,A000255,1
A000178,A000265,1
A000178,A000376,1
A000178,A000383,1
A000178,A000472,1
A000179,A000186,1
A000179,A000209,1
A000179,A000224,1
A000179,A000230,1
A000179,A000250,1
A000179,A000274,1
A000179,A000277,1
A000179,A000321,2
A000179,A000333,1
A000179,A000334,1
A000179,A000350,1
A000179,A000366,1
A000179,A000374,1
A000179,A000378,1
A000179,A000391,1
A000179,A000392,1
A000179,A000403,1
A000179,A000424,1
A000179,A000445,1
A000179,A000478,1
A000179,A000489,1
A000179,A000496,1
A000179,A000503,1
A000179,A000504,1
A000179,A000528,1
A000179,A000531,1
A000179,A000537,1
A000179,A000538,1
A000179,A000550,1
A000179,A000554,1
A000179,A000559,1
A000179,A000560,1
A000180,A000196,1
A000180,A000197,1
A000180,A000380,1
A000180,A000467,1
A000180,A000481,1
A000180,A000506,1
A000181,A000182,1
A000181,A000197,1
A000181,A000200,1
A000181,A000208,1
A000181,A000219,1
A000181,A000320,1
A000181,A000325,1
A000181,A000327,1
A000181,A000349,1
A000181,A000383,1
A000181,A000393,1
A000181,A000418,1
A000181,A000425,2
A000181,A000442,1
A000181,A000459,1
A000181,A000467,1
A000181,A000477,2
A000181,A000493,2
A000181,A000531,1
A000181,A000569,2
A000182,A000197,1
A000182,A000208,1
A000182,A000320,1
A000182,A000325,1
A000182,A000383,1
A000182,A000467,1
A000182,A000493,1
A000183,A000190,1
A000183,A000193,1
A000183,A000238,1
A000183,A000278,1
A000183,A000348,1
A000183,A000373,1
A000183,A000398,1
A000183,A000413,1
A000183,A000444,1
A000183,A000462,1
A000183,A000474,1
A000183,A000479,1
A000183,A000485,1
A000183,A000490,1
A000183,A000505,1
A000183,A000513,1
A000183,A000556,1
A000185,A000192,1
A000185,A000196,1
A000185,A000234,1
A000185,A000350,1
A000185,A000440,1
A000185,A000561,1
A000186,A000209,1
A000186,A000229,1
A000186,A000274,2
A000186,A000277,1
A000186,A000281,1
A000186,A000286,1
A000186,A000321,1
A000186,A000333,2
A000186,A000346,1
A000186,A000348,1
A000186,A000377,1
A000186,A000378,2
A000186,A000380,1
A000186,A000388,1
A000186,A000392,1
A000186,A000404,1
A000186,A000430,1
A000186,A000432,1
A000186,A000445,1
A000186,A000489,1
A000186,A000496,1
A000186,A000507,1
A000186,A000508,1
A000186,A000537,1
A000186,A000538,1
A000186,A000540,1
A000186,A000550,1
A000187,A000188,1
A000187,A000248,1
A000187,A000300,1
A000187,A000305,1
A000187,A000370,1
A000187,A000410,1
A000187,A000562,1
A000188,A000248,1
A000188,A000300,1
A000188,A000305,1
A000188,A000370,1
A000188,A000410,1
A000188,A000562,1
A000189,A000192,1
A000189,A000199,1
A000189,A000225,1
A000189,A000230,1
A000189,A000263,1
A000189,A000272,1
A000189,A000274,1
A000189,A000281,1
A000189,A000308,1
A000189,A000373,1
A000189,A000381,1
A000189,A000391,1
A000189,A000403,1
A000189,A000435,1
A000189,A000452,1
A000189,A000480,1
A000189,A000488,1
A000189,A000492,1
A000189,A000510,1
A000190,A000304,1
A000190,A000311,1
A000190,A000356,1
A000190,A000369,1
A000190,A000373,1
A000190,A000391,1
A000190,A000402,1
A000190,A000413,1
A000190,A000420,1
A000190,A000428,1
A000190,A000431,1
A000190,A000436,1
A000190,A000474,1
A000190,A000487,1
A000190,A000506,1
A000190,A000513,1
A000190,A000530,1
A000190,A000554,1
A000190,A000560,1
A000191,A000200,1
A000191,A000249,1
A000191,A000284,1
A000191,A000331,1
A000191,A000340,1
A000191,A000353,1
A000191,A000383,1
A000191,A000417,1
A000191,A000447,1
A000191,A000449,1
A000191,A000463,1
A000191,A000493,1
A000191,A000507,1
A000191,A000520,1
A000191,A000556,1
A000192,A000195,1
A000192,A000196,1
A000192,A000232,1
A000192,A000234,1
A000192,A000240,1
A000192,A000243,1
A000192,A000245,1
A000192,A000263,1
A000192,A000307,1
A000192,A000309,1
A000192,A000318,1
A000192,A000350,1
A000192,A000351,1
A000192,A000406,1
A000192,A000440,1
A000192,A000452,1
A000192,A000488,1
A000192,A000522,1
A000192,A000561,1
A000193,A000278,1
A000193,A000348,1
A000193,A000398,1
A000193,A000444,1
A000193,A000462,1
A000193,A000479,1
A000193,A000485,1
A000193,A000505,1
A000194,A000247,1
A000194,A000281,1
A000194,A000484,1
A000194,A000513,1
A000194,A000544,1
A000195,A000232,1
A000195,A000240,1
A000195,A000243,1
A000195,A000307,1
A000195,A000309,1
A000195,A000318,1
A000195,A000406,1
A000195,A000522,1
A000196,A000197,2
A000196,A000234,1
A000196,A000259,1
A000196,A000288,1
A000196,A000350,1
A000196,A000380,1
A000196,A000401,1
A000196,A000440,1
A000196,A000467,2
A000196,A000481,1
A000196,A000506,1
A000196,A000561,1
A000197,A000208,2
A000197,A000239,1
A000197,A000242,1
A000197,A000255,1
A000197,A000259,1
A000197,A000274,1
A000197,A000288,1
A000197,A000302,1
A000197,A000320,1
A000197,A000325,1
A000197,A000329,1
A000197,A000330,1
A000197,A000332,1
A000197,A000369,1
A000197,A000380,1
A000197,A000383,2
A000197,A000387,1
A000197,A000398,1
A000197,A000401,1
A000197,A000425,1
A000197,A000453,1
A000197,A000467,3
A000197,A000481,1
A000197,A000493,2
A000197,A000506,2
A000197,A000517,1
A000197,A000556,1
A000198,A000249,1
A000198,A000378,1
A000198,A000445,1
A000198,A000514,1
A000198,A000569,1
A000199,A000274,1
A000199,A000300,1
A000199,A000326,1
A000199,A000330,1
A000199,A000332,1
A000199,A000354,1
A000199,A000370,1
A000199,A000373,1
A000199,A000385,1
A000199,A000416,1
A000199,A000426,1
A000199,A000450,1
A000199,A000492,2
A000199,A000500,1
A000199,A000501,1
A000199,A000506,1
A000199,A000510,2
A000199,A000515,1
A000199,A000546,2
A000200,A000249,1
A000200,A000284,1
A000200,A000331,1
A000200,A000340,1
A000200,A000353,1
A000200,A000376,1
A000200,A000449,1
A000200,A000463,1
A000200,A000477,1
A000200,A000520,1
A000200,A000556,1
A000200,A000569,1
A000201,A000314,1
A000201,A000315,1
A000201,A000521,1
A000202,A000208,1
A000202,A000255,1
A000202,A000272,1
A000202,A000274,1
A000202,A000279,1
A000202,A000339,1
A000202,A000382,1
A000203,A000308,1
A000203,A000432,1
A000203,A000433,1
A000203,A000477,1
A000204,A000218,1
A000204,A000280,1
A000204,A000335,1
A000204,A000446,1
A000204,A000458,1
A000205,A000387,1
A000205,A000420,1
A000206,A000320,1
A000206,A000430,1
A000206,A000454,1
A000206,A000557,1
A000207,A000345,1
A000207,A000455,1
A000207,A000494,1
A000208,A000239,1
A000208,A000272,1
A000208,A000320,1
A000208,A000325,1
A000208,A000329,1
A000208,A000332,1
A000208,A000339,1
A000208,A000382,1
A000208,A000383,1
A000208,A000453,1
A000208,A000467,1
A000208,A000493,1
A000209,A000274,1
A000209,A000277,1
A000209,A000321,1
A000209,A000333,1
A000209,A000378,1
A000209,A000392,1
A000209,A000445,1
A000209,A000489,1
A000209,A000496,1
A000209,A000538,1
A000209,A000550,1
A000210,A000313,1
A000210,A000322,1
A000210,A000398,1
A000210,A000420,1
A000210,A000548,1
A000211,A000222,1
A000211,A000255,1
A000211,A000257,1
A000211,A000343,1
A000211,A000425,1
A000211,A000442,1
A000211,A000515,1
A000211,A000549,1
A000212,A000381,1
A000212,A000442,1
A000212,A000546,1
A000213,A000260,1
A000213,A000268,1
A000213,A000298,1
A000213,A000299,1
A000213,A000305,1
A000213,A000308,1
A000213,A000516,1
A000213,A000523,1
A000214,A000511,1
A000215,A000463,1
A000216,A000429,1
A000217,A000256,1
A000217,A000274,1
A000217,A000349,1
A000217,A000367,1
A000217,A000493,1
A000217,A000555,1
A000218,A000280,1
A000218,A000335,1
A000218,A000446,1
A000218,A000458,1
A000219,A000327,1
A000219,A000393,1
A000220,A000441,1
A000222,A000425,1
A000222,A000442,1
A000222,A000515,1
A000222,A000549,1
A000223,A000300,1
A000223,A000351,1
A000223,A000373,1
A000223,A000449,1
A000223,A000493,1
A000223,A000515,1
A000224,A000504,1
A000224,A000528,1
A000224,A000537,1
A000225,A000249,1
A000225,A000266,1
A000225,A000357,1
A000225,A000373,1
A000225,A000383,1
A000225,A000385,1
A000225,A000564,1
A000226,A000261,1
A000226,A000273,1
A000226,A000283,1
A000226,A000287,1
A000226,A000290,1
A000226,A000368,1
A000226,A000372,1
A000226,A000375,1
A000226,A000379,1
A000226,A000412,1
A000227,A000249,1
A000227,A000255,1
A000227,A000275,1
A000227,A000333,1
A000227,A000381,1
A000227,A000475,1
A000227,A000550,1
A000228,A000233,1
A000228,A000301,1
A000228,A000381,1
A000228,A000448,1
A000228,A000568,1
A000229,A000346,1
A000229,A000388,1
A000229,A000430,1
A000229,A000507,1
A000229,A000508,1
A000230,A000272,1
A000230,A000281,1
A000230,A000308,1
A000230,A000321,1
A000230,A000334,1
A000230,A000355,1
A000230,A000367,1
A000230,A000381,1
A000230,A000391,2
A000230,A000403,1
A000230,A000419,1
A000230,A000435,1
A000230,A000468,1
A000230,A000480,1
A000230,A000503,1
A000230,A000526,1
A000230,A000531,1
A000230,A000552,1
A000230,A000559,1
A000230,A000560,1
A000231,A000269,1
A000231,A000467,1
A000231,A000493,1
A000232,A000240,1
A000232,A000243,1
A000232,A000307,1
A000232,A000309,1
A000232,A000318,1
A000232,A000406,1
A000232,A000522,1
A000233,A000301,1
A000233,A000323,1
A000233,A000381,1
A000233,A000448,1
A000233,A000568,1
A000234,A000350,1
A000234,A000440,1
A000234,A000561,1
A000235,A000256,1
A000235,A000272,1
A000235,A000294,1
A000235,A000373,1
A000235,A000384,1
A000235,A000512,1
A000235,A000552,1
A000236,A000295,1
A000236,A000421,1
A000236,A000457,1
A000236,A000511,1
A000237,A000262,1
A000237,A000265,1
A000237,A000354,1
A000237,A000396,1
A000237,A000475,2
A000237,A000477,1
A000237,A000481,1
A000237,A000566,1
A000238,A000490,1
A000238,A000556,1
A000239,A000329,1
A000239,A000332,1
A000239,A000385,1
A000239,A000426,1
A000239,A000453,1
A000240,A000243,1
A000240,A000270,1
A000240,A000284,1
A000240,A000307,1
A000240,A000309,1
A000240,A000318,1
A000240,A000406,1
A000240,A000449,1
A000240,A000510,1
A000240,A000522,1
A000241,A000255,1
A000241,A000265,1
A000241,A000376,1
A000241,A000472,1
A000242,A000255,1
A000242,A000387,1
A000242,A000398,1
A000242,A000425,1
A000242,A000506,1
A000243,A000307,1
A000243,A000309,1
A000243,A000318,1
A000243,A000406,1
A000243,A000522,1
A000244,A000546,1
A000245,A000351,1
A000246,A000254,1
A000246,A000397,1
A000246,A000434,1
A000246,A000495,1
A000246,A000536,1
A000246,A000543,1
A000247,A000281,1
A000247,A000484,1
A000247,A000513,1
A000247,A000544,1
A000248,A000300,1
A000248,A000305,1
A000248,A000370,1
A000248,A000410,1
A000248,A000562,1
A000249,A000255,2
A000249,A000265,1
A000249,A000266,1
A000249,A000275,1
A000249,A000284,1
A000249,A000330,1
A000249,A000331,1
A000249,A000333,1
A000249,A000336,1
A000249,A000340,1
A000249,A000341,1
A000249,A000343,1
A000249,A000353,1
A000249,A000357,2
A000249,A000373,1
A000249,A000378,1
A000249,A000381,1
A000249,A000385,2
A000249,A000445,1
A000249,A000449,1
A000249,A000463,1
A000249,A000465,1
A000249,A000475,1
A000249,A000502,1
A000249,A000513,1
A000249,A000514,1
A000249,A000520,1
A000249,A000550,1
A000249,A000556,1
A000249,A000564,1
A000249,A000565,1
A000249,A000569,1
A000250,A000350,1
A000250,A000366,1
A000250,A000374,1
A000250,A000403,1
A000250,A000424,1
A000250,A000478,1
A000250,A000554,1
A000251,A000454,1
A000251,A000500,1
A000253,A000268,1
A000253,A000274,1
A000253,A000409,1
A000253,A000411,1
A000253,A000471,1
A000253,A000473,1
A000253,A000525,1
A000254,A000255,1
A000254,A000257,1
A000254,A000397,1
A000254,A000434,1
A000254,A000495,1
A000254,A000536,1
A000254,A000543,1
A000255,A000256,1
A000255,A000257,2
A000255,A000265,2
A000255,A000274,2
A000255,A000275,1
A000255,A000279,1
A000255,A000323,1
A000255,A000333,1
A000255,A000343,1
A000255,A000347,1
A000255,A000348,1
A000255,A000357,1
A000255,A000376,1
A000255,A000381,1
A000255,A000387,1
A000255,A000398,1
A000255,A000412,1
A000255,A000425,2
A000255,A000428,1
A000255,A000430,1
A000255,A000442,2
A000255,A000465,1
A000255,A000472,1
A000255,A000475,1
A000255,A000502,1
A000255,A000506,1
A000255,A000507,1
A000255,A000550,1
A000255,A000556,1
A000255,A000565,1
A000256,A000272,1
A000256,A000274,1
A000256,A000291,1
A000256,A000294,1
A000256,A000349,1
A000256,A000367,1
A000256,A000373,1
A000256,A000384,1
A000256,A000425,1
A000256,A000493,1
A000256,A000510,1
A000256,A000512,1
A000256,A000552,1
A000256,A000555,1
A000257,A000263,1
A000257,A000306,1
A000257,A000316,1
A000257,A000343,1
A000257,A000424,1
A000257,A000516,1
A000257,A000519,1
A000258,A000289,1
A000258,A000380,1
A000258,A000381,1
A000258,A000382,1
A000258,A000386,1
A000258,A000407,1
A000258,A000516,1
A000258,A000545,1
A000258,A000547,1
A000259,A000288,1
A000259,A000351,1
A000259,A000383,1
A000259,A000385,1
A000259,A000401,1
A000259,A000413,1
A000259,A000425,1
A000259,A000449,1
A000259,A000467,2
A000259,A000493,1
A000259,A000506,1
A000260,A000268,1
A000260,A000298,1
A000260,A000299,1
A000260,A000305,1
A000260,A000308,1
A000260,A000516,1
A000260,A000523,1
A000261,A000273,1
A000261,A000283,1
A000261,A000287,1
A000261,A000290,1
A000261,A000368,1
A000261,A000372,1
A000261,A000375,1
A000261,A000379,1
A000261,A000412,1
A000262,A000265,1
A000262,A000310,1
A000262,A000363,1
A000262,A000373,1
A000262,A000472,1
A000262,A000475,1
A000262,A000477,1
A000262,A000512,1
A000262,A000566,1
A000263,A000316,1
A000263,A000424,1
A000263,A000452,1
A000263,A000488,1
A000263,A000519,1
A000265,A000357,1
A000265,A000376,1
A000265,A000465,1
A000265,A000472,1
A000265,A000475,1
A000265,A000502,1
A000265,A000565,1
A000265,A000566,1
A000266,A000357,1
A000266,A000385,1
A000266,A000564,1
A000267,A000342,1
A000267,A000373,1
A000267,A000428,1
A000268,A000274,1
A000268,A000298,1
A000268,A000299,1
A000268,A000305,1
A000268,A000308,1
A000268,A000409,1
A000268,A000411,1
A000268,A000471,1
A000268,A000473,1
A000268,A000516,1
A000268,A000523,1
A000268,A000525,1
A000269,A000467,1
A000269,A000493,1
A000270,A000284,1
A000270,A000449,1
A000270,A000510,1
A000271,A000334,1
A000271,A000416,1
A000271,A000493,1
A000271,A000515,1
A000272,A000281,1
A000272,A000294,1
A000272,A000308,1
A000272,A000339,1
A000272,A000373,2
A000272,A000377,1
A000272,A000381,1
A000272,A000382,1
A000272,A000384,1
A000272,A000391,1
A000272,A000403,1
A000272,A000407,1
A000272,A000412,1
A000272,A000435,1
A000272,A000480,1
A000272,A000512,1
A000272,A000552,1
A000272,A000553,1
A000273,A000283,1
A000273,A000287,1
A000273,A000290,1
A000273,A000368,1
A000273,A000372,1
A000273,A000375,1
A000273,A000379,1
A000273,A000412,1
A000274,A000277,1
A000274,A000279,1
A000274,A000281,1
A000274,A000284,1
A000274,A000320,1
A000274,A000321,1
A000274,A000323,1
A000274,A000333,1
A000274,A000344,1
A000274,A000347,1
A000274,A000348,2
A000274,A000349,1
A000274,A000367,1
A000274,A000369,1
A000274,A000378,1
A000274,A000380,1
A000274,A000392,1
A000274,A000401,1
A000274,A000409,1
A000274,A000411,1
A000274,A000412,1
A000274,A000442,1
A000274,A000445,1
A000274,A000471,1
A000274,A000473,1
A000274,A000489,1
A000274,A000492,1
A000274,A000493,2
A000274,A000496,1
A000274,A000510,1
A000274,A000525,1
A000274,A000537,1
A000274,A000538,1
A000274,A000549,1
A000274,A000550,1
A000274,A000555,1
A000274,A000556,1
A000275,A000333,1
A000275,A000381,1
A000275,A000475,1
A000275,A000550,1
A000276,A000282,1
A000276,A000382,1
A000276,A000426,1
A000276,A000545,1
A000277,A000321,1
A000277,A000333,1
A000277,A000378,1
A000277,A000392,1
A000277,A000445,1
A000277,A000489,1
A000277,A000496,1
A000277,A000538,1
A000277,A000550,1
A000278,A000348,1
A000278,A000398,1
A000278,A000444,1
A000278,A000462,1
A000278,A000479,1
A000278,A000485,1
A000278,A000505,1
A000280,A000335,1
A000280,A000446,1
A000280,A000458,1
A000281,A000308,1
A000281,A000348,1
A000281,A000351,1
A000281,A000373,1
A000281,A000380,1
A000281,A000381,1
A000281,A000391,1
A000281,A000403,1
A000281,A000435,1
A000281,A000480,1
A000281,A000484,1
A000281,A000513,1
A000281,A000537,1
A000281,A000544,1
A000282,A000382,1
A000282,A000426,1
A000282,A000545,1
A000283,A000287,1
A000283,A000290,1
A000283,A000368,1
A000283,A000372,1
A000283,A000375,1
A000283,A000379,1
A000283,A000412,1
A000284,A000331,1
A000284,A000340,1
A000284,A000353,1
A000284,A000401,1
A000284,A000449,2
A000284,A000463,1
A000284,A000510,1
A000284,A000520,1
A000284,A000549,1
A000284,A000556,1
A000285,A000297,1
A000285,A000348,1
A000286,A000333,1
A000286,A000377,1
A000286,A000378,1
A000286,A000404,1
A000286,A000432,1
A000286,A000540,1
A000287,A000290,1
A000287,A000368,1
A000287,A000372,1
A000287,A000375,1
A000287,A000379,1
A000287,A000412,1
A000288,A000401,1
A000288,A000467,1
A000289,A000380,1
A000289,A000381,1
A000289,A000382,1
A000289,A000386,1
A000289,A000407,1
A000289,A000516,1
A000289,A000545,1
A000289,A000547,1
A000290,A000368,1
A000290,A000372,1
A000290,A000375,1
A000290,A000379,1
A000290,A000412,1
A000291,A000510,1
A000292,A000359,1
A000292,A000378,1
A000292,A000459,1
A000293,A000477,1
A000293,A000482,1
A000293,A000524,1
A000294,A000373,1
A000294,A000384,1
A000294,A000512,1
A000294,A000552,1
A000295,A000421,1
A000295,A000457,1
A000295,A000511,1
A000296,A000306,1
A000296,A000383,1
A000296,A000393,1
A000296,A000493,1
A000297,A000348,1
A000298,A000299,1
A000298,A000305,1
A000298,A000308,1
A000298,A000516,1
A000298,A000523,1
A000299,A000305,1
A000299,A000308,1
A000299,A000516,1
A000299,A000523,1
A000300,A000305,1
A000300,A000326,1
A000300,A000330,1
A000300,A000370,1
A000300,A000373,2
A000300,A000410,1
A000300,A000515,1
A000300,A000562,1
A000301,A000381,1
A000301,A000448,1
A000301,A000568,1
A000302,A000517,1
A000302,A000556,1
A000303,A000319,1
A000303,A000335,1
A000303,A000362,1
A000303,A000422,1
A000303,A000434,1
A000303,A000443,1
A000303,A000451,1
A000303,A000474,1
A000303,A000491,1
A000303,A000499,1
A000303,A000518,1
A000303,A000529,1
A000304,A000311,1
A000304,A000356,1
A000304,A000402,1
A000304,A000431,1
A000304,A000436,1
A000304,A000474,1
A000304,A000487,1
A000304,A000554,1
A000304,A000560,1
A000305,A000308,1
A000305,A000370,1
A000305,A000410,1
A000305,A000516,1
A000305,A000523,1
A000305,A000562,1
A000306,A000334,1
A000306,A000383,1
A000306,A000393,1
A000306,A000493,1
A000306,A000516,1
A000307,A000309,1
A000307,A000318,1
A000307,A000406,1
A000307,A000522,1
A000308,A000381,1
A000308,A000391,1
A000308,A000403,1
A000308,A000432,1
A000308,A000433,1
A000308,A000435,1
A000308,A000477,1
A000308,A000480,1
A000308,A000516,1
A000308,A000523,1
A000309,A000318,1
A000309,A000406,1
A000309,A000522,1
A000310,A000363,1
A000310,A000472,1
A000310,A000477,1
A000311,A000356,1
A000311,A000402,1
A000311,A000431,1
A000311,A000436,1
A000311,A000474,1
A000311,A000487,1
A000311,A000554,1
A000311,A000560,1
A000312,A000323,1
A000312,A000343,1
A000312,A000354,1
A000312,A000423,1
A000313,A000322,1
A000313,A000398,1
A000313,A000420,1
A000313,A000548,1
A000314,A000315,1
A000314,A000521,1
A000315,A000521,1
A000316,A000424,1
A000316,A000519,1
A000317,A000537,1
A000318,A000406,1
A000318,A000522,1
A000319,A000335,1
A000319,A000362,1
A000319,A000422,1
A000319,A000434,1
A000319,A000443,1
A000319,A000451,1
A000319,A000474,1
A000319,A000491,1
A000319,A000499,1
A000319,A000518,1
A000319,A000529,1
A000320,A000325,1
A000320,A000344,1
A000320,A000383,1
A000320,A000430,1
A000320,A000454,1
A000320,A000467,1
A000320,A000493,1
A000320,A000557,1
A000321,A000333,1
A000321,A000334,1
A000321,A000378,1
A000321,A000391,1
A000321,A000392,1
A000321,A000445,1
A000321,A000489,1
A000321,A000496,1
A000321,A000503,1
A000321,A000531,1
A000321,A000538,1
A000321,A000550,1
A000321,A000559,1
A000321,A000560,1
A000322,A000398,1
A000322,A000420,1
A000322,A000548,1
A000323,A000347,1
A000323,A000348,1
A000323,A000412,1
A000323,A000442,1
A000323,A000556,1
A000324,A000394,1
A000325,A000383,1
A000325,A000467,1
A000325,A000493,1
A000326,A000330,1
A000326,A000373,1
A000326,A000515,1
A000327,A000393,1
A000329,A000332,1
A000329,A000453,1
A000330,A000341,1
A000330,A000373,1
A000330,A000383,1
A000330,A000515,1
A000331,A000338,1
A000331,A000340,1
A000331,A000353,1
A000331,A000449,1
A000331,A000463,1
A000331,A000464,1
A000331,A000520,1
A000331,A000556,1
A000331,A000563,1
A000332,A000450,1
A000332,A000453,1
A000332,A000492,1
A000332,A000510,1
A000332,A000546,1
A000333,A000377,1
A000333,A000378,2
A000333,A000381,1
A000333,A000392,1
A000333,A000404,1
A000333,A000432,1
A000333,A000445,1
A000333,A000466,1
A000333,A000475,1
A000333,A000489,1
A000333,A000496,1
A000333,A000538,1
A000333,A000540,1
A000333,A000550,2
A000334,A000391,1
A000334,A000416,1
A000334,A000493,1
A000334,A000503,1
A000334,A000515,1
A000334,A000531,1
A000334,A000559,1
A000334,A000560,1
A000335,A000362,1
A000335,A000422,1
A000335,A000434,1
A000335,A000443,1
A000335,A000446,1
A000335,A000451,1
A000335,A000458,1
A000335,A000474,1
A000335,A000491,1
A000335,A000499,1
A000335,A000518,1
A000335,A000529,1
A000336,A000343,1
A000336,A000373,1
A000337,A000352,1
A000337,A000533,1
A000338,A000464,1
A000338,A000563,1
A000339,A000382,1
A000340,A000353,1
A000340,A000377,1
A000340,A000449,1
A000340,A000463,1
A000340,A000509,1
A000340,A000520,1
A000340,A000534,1
A000340,A000556,1
A000342,A000373,1
A000342,A000428,1
A000343,A000354,1
A000343,A000373,1
A000343,A000423,1
A000344,A000351,1
A000344,A000364,1
A000344,A000371,1
A000344,A000378,1
A000344,A000381,1
A000345,A000361,1
A000345,A000400,1
A000345,A000439,1
A000345,A000494,1
A000346,A000388,1
A000346,A000430,1
A000346,A000507,1
A000346,A000508,1
A000347,A000348,1
A000347,A000412,1
A000347,A000442,1
A000347,A000556,1
A000348,A000380,1
A000348,A000398,1
A000348,A000412,1
A000348,A000442,1
A000348,A000444,1
A000348,A000462,1
A000348,A000479,1
A000348,A000485,1
A000348,A000505,1
A000348,A000537,1
A000348,A000556,1
A000349,A000367,1
A000349,A000418,1
A000349,A000425,1
A000349,A000442,1
A000349,A000459,1
A000349,A000493,1
A000349,A000555,1
A000350,A000366,1
A000350,A000374,1
A000350,A000403,1
A000350,A000424,1
A000350,A000440,1
A000350,A000478,1
A000350,A000554,1
A000350,A000561,1
A000351,A000373,2
A000351,A000378,1
A000351,A000383,1
A000351,A000413,1
A000351,A000449,1
A000351,A000467,1
A000351,A000493,2
A000351,A000506,1
A000351,A000515,1
A000351,A000542,1
A000351,A000561,1
A000352,A000533,1
A000353,A000449,1
A000353,A000463,1
A000353,A000520,1
A000353,A000556,1
A000354,A000370,1
A000354,A000385,1
A000354,A000396,1
A000354,A000416,1
A000354,A000423,1
A000354,A000426,1
A000354,A000475,1
A000354,A000477,1
A000354,A000481,1
A000354,A000500,1
A000354,A000501,1
A000354,A000506,1
A000354,A000546,1
A000355,A000367,1
A000355,A000552,1
A000356,A000402,1
A000356,A000431,1
A000356,A000436,1
A000356,A000474,1
A000356,A000487,1
A000356,A000554,1
A000356,A000560,1
A000357,A000385,1
A000357,A000465,1
A000357,A000502,1
A000357,A000564,1
A000357,A000565,1
A000358,A000369,1
A000358,A000426,1
A000359,A000378,1
A000359,A000459,1
A000359,A000535,1
A000360,A000461,1
A000361,A000400,1
A000361,A000439,1
A000362,A000422,1
A000362,A000434,1
A000362,A000443,1
A000362,A000451,1
A000362,A000474,1
A000362,A000491,1
A000362,A000499,1
A000362,A000518,1
A000362,A000529,1
A000363,A000472,1
A000363,A000477,1
A000364,A000371,1
A000364,A000381,1
A000365,A000486,1
A000365,A000535,1
A000366,A000374,1
A000366,A000403,1
A000366,A000424,1
A000366,A000478,1
A000366,A000554,1
A000367,A000493,1
A000367,A000552,1
A000367,A000555,1
A000368,A000372,1
A000368,A000375,1
A000368,A000379,1
A000368,A000412,1
A000369,A000426,1
A000369,A000428,1
A000369,A000493,1
A000369,A000506,1
A000369,A000530,1
A000370,A000385,1
A000370,A000410,1
A000370,A000416,1
A000370,A000426,1
A000370,A000500,1
A000370,A000501,1
A000370,A000506,1
A000370,A000546,1
A000370,A000562,1
A000371,A000381,1
A000372,A000375,1
A000372,A000379,1
A000372,A000412,1
A000373,A000377,1
A000373,A000384,1
A000373,A000407,1
A000373,A000412,1
A000373,A000413,1
A000373,A000425,1
A000373,A000428,1
A000373,A000442,1
A000373,A000512,2
A000373,A000513,1
A000373,A000515,1
A000373,A000542,1
A000373,A000552,1
A000373,A000553,1
A000373,A000561,1
A000374,A000403,1
A000374,A000424,1
A000374,A000478,1
A000374,A000554,1
A000375,A000379,1
A000375,A000412,1
A000376,A000472,1
A000377,A000378,1
A000377,A000404,1
A000377,A000407,1
A000377,A000412,1
A000377,A000432,1
A000377,A000509,1
A000377,A000534,1
A000377,A000540,1
A000377,A000553,1
A000378,A000381,1
A000378,A000390,1
A000378,A000392,1
A000378,A000399,1
A000378,A000404,1
A000378,A000432,1
A000378,A000445,2
A000378,A000459,1
A000378,A000460,1
A000378,A000489,1
A000378,A000496,1
A000378,A000514,1
A000378,A000538,1
A000378,A000540,1
A000378,A000550,1
A000378,A000569,1
A000379,A000412,1
A000380,A000381,1
A000380,A000382,1
A000380,A000386,1
A000380,A000407,1
A000380,A000467,1
A000380,A000481,1
A000380,A000506,1
A000380,A000516,1
A000380,A000537,1
A000380,A000545,1
A000380,A000547,1
A000381,A000382,1
A000381,A000386,1
A000381,A000390,1
A000381,A000391,1
A000381,A000399,1
A000381,A000403,1
A000381,A000407,1
A000381,A000416,1
A000381,A000426,1
A000381,A000435,1
A000381,A000442,1
A000381,A000448,1
A000381,A000450,1
A000381,A000460,1
A000381,A000475,1
A000381,A000480,1
A000381,A000500,1
A000381,A000516,1
A000381,A000545,1
A000381,A000546,1
A000381,A000547,1
A000381,A000550,1
A000381,A000568,1
A000382,A000386,1
A000382,A000407,1
A000382,A000426,1
A000382,A000516,1
A000382,A000545,2
A000382,A000547,1
A000383,A000393,1
A000383,A000413,1
A000383,A000467,2
A000383,A000493,4
A000383,A000506,1
A000383,A000507,1
A000384,A000512,1
A000384,A000552,1
A000385,A000416,1
A000385,A000425,1
A000385,A000426,2
A000385,A000449,1
A000385,A000500,1
A000385,A000501,1
A000385,A000506,1
A000385,A000513,1
A000385,A000546,1
A000385,A000564,1
A000386,A000407,1
A000386,A000516,1
A000386,A000545,1
A000386,A000547,1
A000387,A000398,1
A000387,A000420,1
A000387,A000425,1
A000387,A000506,1
A000388,A000430,1
A000388,A000507,1
A000388,A000508,1
A000390,A000399,1
A000390,A000460,1
A000391,A000401,1
A000391,A000403,1
A000391,A000420,1
A000391,A000426,1
A000391,A000435,1
A000391,A000480,1
A000391,A000497,1
A000391,A000503,1
A000391,A000531,1
A000391,A000558,1
A000391,A000559,1
A000391,A000560,1
A000392,A000445,1
A000392,A000489,1
A000392,A000496,1
A000392,A000538,1
A000392,A000550,1
A000393,A000493,1
A000395,A000398,1
A000395,A000456,1
A000396,A000475,1
A000396,A000477,1
A000396,A000481,1
A000397,A000434,1
A000397,A000495,1
A000397,A000536,1
A000397,A000543,1
A000398,A000420,1
A000398,A000425,1
A000398,A000427,1
A000398,A000444,1
A000398,A000456,1
A000398,A000462,1
A000398,A000472,1
A000398,A000479,1
A000398,A000485,1
A000398,A000496,1
A000398,A000505,1
A000398,A000506,1
A000398,A000541,1
A000398,A000548,1
A000399,A000460,1
A000400,A000439,1
A000401,A000426,1
A000401,A000467,1
A000401,A000497,1
A000401,A000549,1
A000401,A000558,1
A000402,A000431,1
A000402,A000436,1
A000402,A000474,1
A000402,A000487,1
A000402,A000554,1
A000402,A000560,1
A000403,A000424,1
A000403,A000435,1
A000403,A000478,1
A000403,A000480,1
A000403,A000554,1
A000404,A000432,1
A000404,A000540,1
A000406,A000522,1
A000407,A000412,1
A000407,A000516,1
A000407,A000545,1
A000407,A000547,1
A000407,A000553,1
A000409,A000411,1
A000409,A000471,1
A000409,A000473,1
A000409,A000525,1
A000410,A000562,1
A000411,A000471,1
A000411,A000473,1
A000411,A000525,1
A000412,A000425,1
A000412,A000442,1
A000412,A000469,1
A000412,A000527,1
A000412,A000553,1
A000412,A000556,1
A000413,A000467,1
A000413,A000493,1
A000413,A000506,1
A000413,A000513,1
A000414,A000428,1
A000414,A000476,2
A000414,A000516,1
A000414,A000532,1
A000415,A000428,1
A000415,A000476,1
A000415,A000532,1
A000416,A000426,1
A000416,A000450,1
A000416,A000493,1
A000416,A000500,2
A000416,A000501,1
A000416,A000506,1
A000416,A000515,1
A000416,A000546,1
A000417,A000447,1
A000418,A000425,1
A000418,A000442,1
A000418,A000459,1
A000419,A000468,1
A000419,A000526,1
A000420,A000548,1
A000421,A000457,1
A000421,A000511,1
A000422,A000434,1
A000422,A000443,1
A000422,A000451,1
A000422,A000474,1
A000422,A000491,1
A000422,A000499,1
A000422,A000518,1
A000422,A000529,1
A000424,A000478,1
A000424,A000519,1
A000424,A000554,1
A000425,A000428,2
A000425,A000430,1
A000425,A000442,4
A000425,A000449,1
A000425,A000459,1
A000425,A000469,1
A000425,A000493,1
A000425,A000506,1
A000425,A000507,1
A000425,A000515,1
A000425,A000527,1
A000425,A000549,1
A000425,A000567,1
A000426,A000497,1
A000426,A000500,1
A000426,A000501,1
A000426,A000506,1
A000426,A000545,1
A000426,A000546,1
A000426,A000558,1
A000427,A000472,1
A000427,A000496,1
A000427,A000541,1
A000428,A000430,1
A000428,A000442,1
A000428,A000476,2
A000428,A000506,1
A000428,A000507,1
A000428,A000516,1
A000428,A000530,1
A000428,A000532,2
A000428,A000567,1
A000430,A000442,1
A000430,A000454,1
A000430,A000507,2
A000430,A000508,1
A000430,A000557,1
A000431,A000436,1
A000431,A000474,1
A000431,A000487,1
A000431,A000554,1
A000431,A000560,1
A000432,A000433,1
A000432,A000477,1
A000432,A000540,1
A000433,A000477,1
A000434,A000443,1
A000434,A000451,1
A000434,A000474,1
A000434,A000491,1
A000434,A000495,1
A000434,A000499,1
A000434,A000518,1
A000434,A000529,1
A000434,A000536,1
A000434,A000543,1
A000435,A000480,1
A000436,A000474,1
A000436,A000487,1
A000436,A000554,1
A000436,A000560,1
A000438,A000476,1
A000438,A000531,1
A000440,A000561,1
A000442,A000459,1
A000442,A000507,1
A000442,A000513,1
A000442,A000515,1
A000442,A000546,1
A000442,A000549,1
A000442,A000556,1
A000443,A000451,1
A000443,A000474,1
A000443,A000491,1
A000443,A000499,1
A000443,A000518,1
A000443,A000529,1
A000444,A000462,1
A000444,A000479,1
A000444,A000485,1
A000444,A000505,1
A000445,A000489,1
A000445,A000496,1
A000445,A000514,1
A000445,A000538,1
A000445,A000550,1
A000445,A000569,1
A000446,A000458,1
A000448,A000568,1
A000449,A000463,1
A000449,A000493,1
A000449,A000510,1
A000449,A000515,1
A000449,A000520,1
A000449,A000556,1
A000450,A000492,1
A000450,A000500,1
A000450,A000510,1
A000450,A000546,1
A000451,A000474,1
A000451,A000491,1
A000451,A000499,1
A000451,A000518,1
A000451,A000529,1
A000452,A000488,1
A000454,A000500,1
A000454,A000557,1
A000457,A000511,1
A000462,A000470,1
A000462,A000479,1
A000462,A000485,1
A000462,A000505,1
A000463,A000520,1
A000463,A000556,1
A000464,A000563,1
A000465,A000502,1
A000465,A000565,1
A000467,A000481,1
A000467,A000493,3
A000467,A000506,2
A000468,A000526,1
A000469,A000527,1
A000471,A000473,1
A000471,A000525,1
A000472,A000477,1
A000472,A000496,1
A000472,A000541,1
A000473,A000525,1
A000474,A000487,1
A000474,A000491,1
A000474,A000499,1
A000474,A000518,1
A000474,A000529,1
A000474,A000554,1
A000474,A000560,1
A000475,A000477,1
A000475,A000481,1
A000475,A000550,1
A000475,A000566,1
A000476,A000516,1
A000476,A000531,1
A000476,A000532,2
A000477,A000481,1
A000477,A000482,1
A000477,A000524,1
A000477,A000531,1
A000477,A000569,2
A000478,A000554,1
A000479,A000485,1
A000479,A000505,1
A000481,A000506,1
A000482,A000524,1
A000484,A000513,1
A000484,A000544,1
A000485,A000505,1
A000486,A000535,1
A000487,A000554,1
A000487,A000560,1
A000489,A000496,1
A000489,A000538,1
A000489,A000550,1
A000490,A000556,1
A000491,A000499,1
A000491,A000518,1
A000491,A000529,1
A000492,A000510,2
A000492,A000546,1
A000493,A000506,1
A000493,A000507,1
A000493,A000515,2
A000493,A000555,1
A000495,A000536,1
A000495,A000543,1
A000496,A000538,1
A000496,A000541,1
A000496,A000550,1
A000497,A000558,1
A000499,A000518,1
A000499,A000529,1
A000500,A000501,1
A000500,A000506,1
A000500,A000546,1
A000501,A000506,1
A000501,A000546,1
A000502,A000565,1
A000503,A000531,1
A000503,A000559,1
A000503,A000560,1
A000504,A000528,1
A000504,A000537,1
A000506,A000530,1
A000506,A000546,1
A000507,A000508,1
A000509,A000534,1
A000510,A000546,1
A000512,A000552,1
A000513,A000544,1
A000514,A000569,1
A000515,A000549,1
A000516,A000523,1
A000516,A000532,1
A000516,A000545,1
A000516,A000547,1
A000517,A000556,1
A000518,A000529,1
A000520,A000556,1
A000528,A000537,1
A000531,A000559,1
A000531,A000560,1
A000531,A000569,1
A000536,A000543,1
A000538,A000550,1
A000542,A000561,1
A000545,A000547,1
A000554,A000560,1
A000559,A000560,1
